SampleID	Latitude	Longitude	Island	plot	Island_ID	perimeter	area	logArea	Area.hu	Nearest_Island	Dis_Mainland	pH	AP	TP	TN	TOC	moisture	EC	Aal	Aca	AK	Amg
B6_1A	29.5249	118.9299667	B6	B6_1	28	7523.42953	479759.1014	5.681023222	47.97591014	31.8118	950.3457889	4.18	3.24	0.191337974	1.497753977	26.721	0.153317227	78.4	958	41.3	62.7	15.4
B6_1B	29.52488333	118.9300694	B6	B6_1	28	7523.42953	479759.1014	5.681023222	47.97591014	31.8118	950.3457889	4.12	4.016966068	0.201435584	1.796757585	29.90062832	0.175974441	82.8	965.7	114.5	58.9	25.1
B6_1C	29.52496944	118.9300889	B6	B6_1	28	7523.42953	479759.1014	5.681023222	47.97591014	31.8118	950.3457889	4.01	3.617125984	0.25717365	1.714725414	30.3321499	0.142971995	60.4	1377.9	101.6	64	21.7
B6_1D	29.52498611	118.9299861	B6	B6_1	28	7523.42953	479759.1014	5.681023222	47.97591014	31.8118	950.3457889	4.06	2.821782178	0.215094291	1.498212363	23.64676113	0.135490346	71.4	448.3	21.9	22.6	7.4
B6_2A	29.52467222	118.93175	B6	B6_2	28	7523.42953	479759.1014	5.681023222	47.97591014	31.8118	950.3457889	4.27	4.462524655	0.316270506	1.978000553	31.96259915	0.134601579	62.3	769	44.3	57.1	28.4
B6_2B	29.52465	118.9318528	B6	B6_2	28	7523.42953	479759.1014	5.681023222	47.97591014	31.8118	950.3457889	4.32	4.191616766	0.261083664	1.754477863	29.69227583	0.144238442	54.7	1112.9	119.8	75.9	45.6
B6_2C	29.52473611	118.9318778	B6	B6_2	28	7523.42953	479759.1014	5.681023222	47.97591014	31.8118	950.3457889	4.11	3.125	0.253263291	1.746223547	28.24098901	0.182219107	64.8	1185.9	102.3	65.7	39.8
B6_2D	29.52475833	118.9317778	B6	B6_2	28	7523.42953	479759.1014	5.681023222	47.97591014	31.8118	950.3457889	4.43	4.207677165	0.35673921	2.048388323	31.13688145	0.173155076	77.3	771.9	94.9	57.2	28.3
B6_3A	29.52539167	118.9302611	B6	B6_3	28	7523.42953	479759.1014	5.681023222	47.97591014	31.8118	950.3457889	4.06	2.977362205	0.247668566	2.052287318	33.29566091	0.239235901	59.6	439.1	29.4	23.1	9.1
B6_3B	29.52537778	118.9303611	B6	B6_3	28	7523.42953	479759.1014	5.681023222	47.97591014	31.8118	950.3457889	3.96	2.951388889	0.277130127	1.418951057	26.5540071	0.175487264	81.3	647.8	58.2	49.3	17.9
B6_3C	29.52546667	118.9303861	B6	B6_3	28	7523.42953	479759.1014	5.681023222	47.97591014	31.8118	950.3457889	4.15	3.15	0.246193764	1.868576475	30.361	0.19164536	61.9	939.4	71.3	63.3	19.6
B6_3D	29.52547778	118.9302806	B6	B6_3	28	7523.42953	479759.1014	5.681023222	47.97591014	31.8118	950.3457889	4.01	2.920792079	0.224436481	1.865675547	34.5864116	0.181343494	66	1104.1	42.4	54.5	15.4
B6_4A	29.525425	118.9321556	B6	B6_4	28	7523.42953	479759.1014	5.681023222	47.97591014	31.8118	950.3457889	3.87	2.108134921	0.214876532	1.269795217	19.26691959	0.167664228	75.1	1023	39.6	32.2	19.6
B6_4B	29.52540556	118.9322528	B6	B6_4	28	7523.42953	479759.1014	5.681023222	47.97591014	31.8118	950.3457889	4.02	2.066733068	0.18127821	1.467864	24.63605762	0.198866499	60.8	1441.4	54.6	47.3	24.5
B6_4C	29.52549167	118.9322806	B6	B6_4	28	7523.42953	479759.1014	5.681023222	47.97591014	31.8118	950.3457889	3.93	2.380952381	0.192294296	1.205376128	16.03463688	0.185976012	61.5	1131.1	41.1	49.5	20.1
B6_4D	29.52551111	118.9321778	B6	B6_4	28	7523.42953	479759.1014	5.681023222	47.97591014	31.8118	950.3457889	4.02	2.698019802	0.233731649	1.714663102	27.24111622	0.204982337	66.5	1307.6	58.7	56.9	20.3
B7_1A	29.53644444	118.9323806	B7	B7_1	27	5622.29586	274942.3839	5.439241694	27.49423839	67.3089	1938.728581	4.38	1.615308151	0.221936028	0.801024995	10.06668869	0.183462722	41.3	1115.1	50.7	37.2	10.1
B7_1B	29.53640833	118.9322861	B7	B7_1	27	5622.29586	274942.3839	5.439241694	27.49423839	67.3089	1938.728581	4.1	1.93452381	0.220734497	0.967879452	14.58680137	0.163842255	40.8	457.6	22.4	17.5	5.8
B7_1C	29.53633056	118.9323306	B7	B7_1	27	5622.29586	274942.3839	5.439241694	27.49423839	67.3089	1938.728581	4.08	2.137176938	0.271292027	1.370264743	24.37579868	0.115013378	55.3	610.7	48.9	31.5	12.5
B7_1D	29.53636389	118.9324306	B7	B7_1	27	5622.29586	274942.3839	5.439241694	27.49423839	67.3089	1938.728581	4.04	2.13	0.184797655	1.089076849	18.13497056	0.160357581	74.3	880.4	29.1	43.2	10
B7_2A	29.53675833	118.9321694	B7	B7_2	27	5622.29586	274942.3839	5.439241694	27.49423839	67.3089	1938.728581	4.04	3.663366337	0.214177739	2.4434573	46.998	0.142376605	66.2	878.5	253.1	61.2	32.8
B7_2B	29.53672222	118.932075	B7	B7_2	27	5622.29586	274942.3839	5.439241694	27.49423839	67.3089	1938.728581	4.14	3.745039683	0.242762527	1.848424042	35.54231288	0.111805617	70.3	893.4	78.4	66.2	24
B7_2C	29.53664444	118.9321222	B7	B7_2	27	5622.29586	274942.3839	5.439241694	27.49423839	67.3089	1938.728581	4.15	3.934262948	0.249057315	2.217153846	43.06552173	0.083157074	75.8	880.5	152.2	84.1	34.7
B7_2D	29.53668056	118.9322222	B7	B7_2	27	5622.29586	274942.3839	5.439241694	27.49423839	67.3089	1938.728581	4.04	3.550295858	0.221067481	2.211539546	37.30616526	0.178638045	59	693.5	85.7	48.5	18.5
B7_3A	29.53606111	118.9318889	B7	B7_3	27	5622.29586	274942.3839	5.439241694	27.49423839	67.3089	1938.728581	4.47	2.623762376	0.251615396	1.520571214	26.15814067	0.130313275	52.2	1191.8	65	81	30.1
B7_3B	29.535975	118.9319167	B7	B7_3	27	5622.29586	274942.3839	5.439241694	27.49423839	67.3089	1938.728581	4.24	2.124505929	0.259708725	1.303532517	19.74665374	0.138043398	51.8	1084.8	90.8	55.1	29.3
B7_3C	29.53599722	118.9320167	B7	B7_3	27	5622.29586	274942.3839	5.439241694	27.49423839	67.3089	1938.728581	4.34	2.838645418	0.251526276	1.364169515	20.16957516	0.137408425	65	1063.7	61	62	33.1
B7_3D	29.53608611	118.9319889	B7	B7_3	27	5622.29586	274942.3839	5.439241694	27.49423839	67.3089	1938.728581	4.3	2.34063745	0.254472518	1.263834866	20.74846418	0.113799482	48.2	653	38	33.1	17.5
B7_4A	29.53534722	118.9324944	B7	B7_4	27	5622.29586	274942.3839	5.439241694	27.49423839	67.3089	1938.728581	4.11	2.315737052	0.300897224	1.048636517	16.35873431	0.181222933	54.1	532	20.4	22.2	5.9
B7_4B	29.53543611	118.9325	B7	B7_4	27	5622.29586	274942.3839	5.439241694	27.49423839	67.3089	1938.728581	4.02	2.261431412	0.313393946	1.107612903	18.20096316	0.176951268	74.2	1207.1	41.7	39.7	12.2
B7_4C	29.53544444	118.9323917	B7	B7_4	27	5622.29586	274942.3839	5.439241694	27.49423839	67.3089	1938.728581	4.23	2.88	0.277568804	1.099583333	18.455	0.155401769	56.9	783.9	37.8	34.9	13.7
B7_4D	29.53535278	118.9323917	B7	B7_4	27	5622.29586	274942.3839	5.439241694	27.49423839	67.3089	1938.728581	4.21	2.534791252	0.316122	0.848999316	13.51106335	0.16647118	54.9	579.3	20.4	20.1	7
JSD_1A	29.54052778	118.8843778	JSD	JSD_1	29	101889.3596	11538756.45	7.062159007	1153.875645	17.3941	884.4765043	4.61	2.894211577	0.295615322	1.658762327	23.43679187	0.132401316	39.4	690	83.9	63.9	79.3
JSD_1B	29.540475	118.8842917	JSD	JSD_1	29	101889.3596	11538756.45	7.062159007	1153.875645	17.3941	884.4765043	4.59	2.81374502	0.276283074	1.475947961	19.13321096	0.130576684	39.2	798.2	108.6	72.6	92.2
JSD_1C	29.54040556	118.8843556	JSD	JSD_1	29	101889.3596	11538756.45	7.062159007	1153.875645	17.3941	884.4765043	4.48	3.311752988	0.259284436	1.811610108	31.68379898	0.18477552	49.4	1106.9	54.4	77.9	40.8
JSD_1D	29.54045556	118.8844389	JSD	JSD_1	29	101889.3596	11538756.45	7.062159007	1153.875645	17.3941	884.4765043	4.71	2.396245059	0.295988528	1.667792177	19.60631125	0.169513745	38.9	975.1	80.8	42	14.4
JSD_2A	29.54072222	118.884075	JSD	JSD_2	29	101889.3596	11538756.45	7.062159007	1153.875645	17.3941	884.4765043	3.92	4.561143984	0.417162712	1.987184089	29.64658445	0.175131472	104.1	1045.6	111.3	68.6	38
JSD_2B	29.54080556	118.8840361	JSD	JSD_2	29	101889.3596	11538756.45	7.062159007	1153.875645	17.3941	884.4765043	4.05	3.869047619	0.469945238	2.731798883	44.26438389	0.154187176	97.2	1352.1	111.8	119.9	44.5
JSD_2C	29.54077778	118.8839444	JSD	JSD_2	29	101889.3596	11538756.45	7.062159007	1153.875645	17.3941	884.4765043	3.96	3.592519685	0.287431839	1.930962771	29.41987074	0.177329156	91.4	789.9	148	59.1	31.4
JSD_2D	29.54068889	118.8839806	JSD	JSD_2	29	101889.3596	11538756.45	7.062159007	1153.875645	17.3941	884.4765043	4.07	4.325	0.296490018	2.163704552	32.01289014	0.187211159	82.6	1534.7	46.6	61	15.1
JSD_3A	29.54063333	118.8843639	JSD	JSD_3	29	101889.3596	11538756.45	7.062159007	1153.875645	17.3941	884.4765043	4.16	2.8	0.196671931	1.624	26.43	0.229897911	63.1	1396.8	76.5	68.6	30
JSD_3B	29.54071667	118.884325	JSD	JSD_3	29	101889.3596	11538756.45	7.062159007	1153.875645	17.3941	884.4765043	4.1	3.705533597	0.225441974	2.149755396	36.41628197	0.244373444	75.9	1466.4	75.3	90.5	33.9
JSD_3C	29.54068333	118.884225	JSD	JSD_3	29	101889.3596	11538756.45	7.062159007	1153.875645	17.3941	884.4765043	4.19	3.162055336	0.204750991	2.074264687	37.12516961	0.287969484	75	1731.9	146.2	119.5	35.6
JSD_3D	29.5406	118.8842694	JSD	JSD_3	29	101889.3596	11538756.45	7.062159007	1153.875645	17.3941	884.4765043	4.14	3.638613861	0.25839522	2.040791494	37.02428794	0.247494305	63	1680.8	77.7	80.3	25.9
JSD_4A	29.54143056	118.8833944	JSD	JSD_4	29	101889.3596	11538756.45	7.062159007	1153.875645	17.3941	884.4765043	3.9	3.85	0.193743636	1.979456281	40.20202659	0.108760031	87.5	1215.6	90.6	77.4	27.7
JSD_4B	29.5415	118.8834611	JSD	JSD_4	29	101889.3596	11538756.45	7.062159007	1153.875645	17.3941	884.4765043	4.18	2.766798419	0.105611891	0.813993014	16.25870558	0.163077668	45.9	1043.3	28.3	36.9	10.7
JSD_4C	29.54155833	118.8833806	JSD	JSD_4	29	101889.3596	11538756.45	7.062159007	1153.875645	17.3941	884.4765043	4.06	3.087649402	0.148417415	1.745772749	44.52535568	0.153833011	69.3	1263.3	62.8	53.5	16.9
JSD_4D	29.54148611	118.8833167	JSD	JSD_4	29	101889.3596	11538756.45	7.062159007	1153.875645	17.3941	884.4765043	4.12	3.062749004	0.15349331	1.763671264	38.00954928	0.125465519	70.8	1164.9	72.7	55.2	13.9
JSD_5A	29.51393889	118.8999917	JSD	JSD_5	29	101889.3596	11538756.45	7.062159007	1153.875645	17.3941	884.4765043	4.06	3.613861386	0.155069164	1.117771499	17.257008	0.167635702	52.4	1234.3	34.2	54.6	17.7
JSD_5B	29.51385	118.9000028	JSD	JSD_5	29	101889.3596	11538756.45	7.062159007	1153.875645	17.3941	884.4765043	4.22	2.68389662	0.166065231	1.205914346	21.0305905	0.13480663	42	936.9	21.3	44	13.2
JSD_5C	29.51385833	118.9001083	JSD	JSD_5	29	101889.3596	11538756.45	7.062159007	1153.875645	17.3941	884.4765043	4.33	3.330019881	0.166279241	1.286287462	22.758	0.123616734	59.4	866.4	41.6	46	14.9
JSD_5D	29.51395	118.9000944	JSD	JSD_5	29	101889.3596	11538756.45	7.062159007	1153.875645	17.3941	884.4765043	4.19	2.286282306	0.170679216	1.115170306	17.26067054	0.148189278	71.1	1108.8	94.9	55.1	14.7
JSD_6A	29.51400556	118.9005861	JSD	JSD_6	29	101889.3596	11538756.45	7.062159007	1153.875645	17.3941	884.4765043	4.12	2.410536779	0.139148356	0.916809984	14.58268855	0.174228675	41.5	1245.5	16.7	31.2	11.9
JSD_6B	29.51391389	118.9005972	JSD	JSD_6	29	101889.3596	11538756.45	7.062159007	1153.875645	17.3941	884.4765043	4.3	3.465346535	0.151286339	1.111197411	20.81838024	0.111476379	48.1	845.8	36.2	40.1	13.6
JSD_6C	29.513925	118.9007	JSD	JSD_6	29	101889.3596	11538756.45	7.062159007	1153.875645	17.3941	884.4765043	4.24	2.628968254	0.191829217	1.113565604	20.87567684	0.120197938	42.7	1058	28.4	45.4	16.5
JSD_6D	29.51401667	118.9006889	JSD	JSD_6	29	101889.3596	11538756.45	7.062159007	1153.875645	17.3941	884.4765043	4.17	2.7	0.12160219	1.018345842	15.38342335	0.170134405	46.9	660.5	77.8	32.9	16.7
X113_1A	29.53397222	118.9064111	X113	X113_1	20	542.99091	9856.27814	3.993712951	0.985627814	59.5583	3547.036676	4.26	2.376237624	0.228785399	1.706821412	24.31919805	0.155525069	54.4	1076.5	60.5	70.4	26.6
X113_1B	29.53402778	118.9064917	X113	X113_1	20	542.99091	9856.27814	3.993712951	0.985627814	59.5583	3547.036676	3.96	3.546626984	0.251522659	1.993496663	34.63143325	0.124520366	85	979.8	149.3	52.3	27.8
X113_1C	29.53410556	118.9064333	X113	X113_1	20	542.99091	9856.27814	3.993712951	0.985627814	59.5583	3547.036676	4.21	2.890316206	0.278648088	1.500373702	23.98054134	0.096176494	61.6	936.2	88.3	57.2	39.1
X113_1D	29.53404444	118.9063472	X113	X113_1	20	542.99091	9856.27814	3.993712951	0.985627814	59.5583	3547.036676	4.3	3.628230616	0.296097356	1.722354721	29.44026207	0.088242088	63.1	976.1	140.1	70.1	44.7
X113_2A	29.53314444	118.9063778	X113	X113_2	20	542.99091	9856.27814	3.993712951	0.985627814	59.5583	3547.036676	4.08	2.628968254	0.309630201	1.823274127	31.44186075	0.121264368	57	979.2	67.1	57.2	13
X113_2B	29.53320278	118.9064611	X113	X113_2	20	542.99091	9856.27814	3.993712951	0.985627814	59.5583	3547.036676	4.08	3.187250996	0.419124046	1.894052486	26.42343415	0.121358968	50.5	1067.3	85.5	54.3	19.1
X113_2C	29.53326667	118.9064	X113	X113_2	20	542.99091	9856.27814	3.993712951	0.985627814	59.5583	3547.036676	3.95	3.290766208	0.286921801	1.708650383	28.48628001	0.102736305	64.1	888.2	58.5	56.8	14.5
X113_2D	29.53321667	118.9063167	X113	X113_2	20	542.99091	9856.27814	3.993712951	0.985627814	59.5583	3547.036676	3.41	3.546626984	0.269765731	1.670924825	27.71022633	0.173037757	176.8	1195.1	51.6	59.9	13.8
X117_1A	29.51735556	118.8285222	X117	X117_1	26	3537.62744	97929.55501	4.990913781	9.792955501	71.2982	2163.768092	4.12	2.609343936	0.257437002	1.391800972	25.762	0.103605194	42.7	993	49.5	64.4	21.5
X117_1B	29.51735	118.8284194	X117	X117_1	26	3537.62744	97929.55501	4.990913781	9.792955501	71.2982	2163.768092	4.3	2.480353635	0.250557263	1.874049271	15.88521411	0.11140263	30.7	837.5	32.7	41	12.8
X117_1C	29.51725833	118.8284222	X117	X117_1	26	3537.62744	97929.55501	4.990913781	9.792955501	71.2982	2163.768092	4.94	6.994047619	0.267530788	1.050178657	11.66822589	0.12223925	74.9	576.2	55.1	94.6	23.2
X117_1D	29.51726667	118.8285333	X117	X117_1	26	3537.62744	97929.55501	4.990913781	9.792955501	71.2982	2163.768092	4.22	1.877470356	0.248801075	0.983648936	14.7941033	0.124005382	35	1022.2	32.1	48.1	11.7
X117_2A	29.51603889	118.826825	X117	X117_2	26	3537.62744	97929.55501	4.990913781	9.792955501	71.2982	2163.768092	4.17	3.242574257	0.263176929	1.615119103	22.2642627	0.152701133	57.6	1014.1	92.4	64.7	28.9
X117_2B	29.51595833	118.8267806	X117	X117_2	26	3537.62744	97929.55501	4.990913781	9.792955501	71.2982	2163.768092	4.2	3.22	0.240546355	1.259677479	14.1061154	0.176460183	79.6	973	35.2	54.7	31.7
X117_2C	29.51591944	118.8268694	X117	X117_2	26	3537.62744	97929.55501	4.990913781	9.792955501	71.2982	2163.768092	4.41	4.366267465	0.338283096	1.890601521	22.66584657	0.113815666	117.7	978.8	156.7	95.5	130.1
X117_2D	29.51600278	118.8269194	X117	X117_2	26	3537.62744	97929.55501	4.990913781	9.792955501	71.2982	2163.768092	4.4	4.496047431	0.329105343	2.08350273	29.27279335	0.123306889	74.8	727.7	85.6	85.2	62.2
X117_3A	29.51629722	118.8263806	X117	X117_3	26	3537.62744	97929.55501	4.990913781	9.792955501	71.2982	2163.768092	4.37	2.425742574	0.199716517	1.224203735	17.19809892	0.199773556	48	850	26	42.6	15.4
X117_3B	29.51621667	118.8263361	X117	X117_3	26	3537.62744	97929.55501	4.990913781	9.792955501	71.2982	2163.768092	4.23	1.905940594	0.189653562	1.488112173	24.79403714	0.146881884	50.6	917.6	33	53	16
X117_3C	29.51617222	118.8264222	X117	X117_3	26	3537.62744	97929.55501	4.990913781	9.792955501	71.2982	2163.768092	4.37	2.725	0.17736217	1.179281673	18.301	0.138431357	53	883.9	52.5	68.7	27.5
X117_3D	29.51626111	118.826475	X117	X117_3	26	3537.62744	97929.55501	4.990913781	9.792955501	71.2982	2163.768092	4.34	2.335984095	0.184701778	1.250097087	16.16380563	0.140673615	39.7	1066.6	56.7	63.3	22.1
X117_4A	29.51636111	118.8279639	X117	X117_4	26	3537.62744	97929.55501	4.990913781	9.792955501	71.2982	2163.768092	4.36	2.470355731	0.227463582	2.443932369	40.87002668	0.12814108	89.8	1134.7	266	114.1	61.7
X117_4B	29.51630278	118.8278861	X117	X117_4	26	3537.62744	97929.55501	4.990913781	9.792955501	71.2982	2163.768092	4.35	1.92687747	0.195318243	1.237822076	19.68141805	0.129381059	54	864.8	116.3	58.7	46.3
X117_4C	29.51623333	118.82795	X117	X117_4	26	3537.62744	97929.55501	4.990913781	9.792955501	71.2982	2163.768092	4.24	2.689243028	0.165387756	0.966118542	14.65006164	0.135234591	44.7	711.4	35.5	33.8	28.4
X117_4D	29.51629444	118.8280333	X117	X117_4	26	3537.62744	97929.55501	4.990913781	9.792955501	71.2982	2163.768092	4.26	2.575	0.206493509	1.871370328	29.63553702	0.129777969	52.3	1207.4	73	77.4	36
X117_5A	29.51608611	118.8283944	X117	X117_5	26	3537.62744	97929.55501	4.990913781	9.792955501	71.2982	2163.768092	4.01	3.112648221	0.123577055	1.404914107	23.46779919	0.206140839	60.4	976.7	38.2	38.1	17.4
X117_5B	29.516025	118.8283167	X117	X117_5	26	3537.62744	97929.55501	4.990913781	9.792955501	71.2982	2163.768092	4.11	2.046351085	0.115943596	1.28351627	19.41922918	0.177003738	45.1	1259.4	45.2	62.1	36.5
X117_5C	29.51596111	118.8283861	X117	X117_5	26	3537.62744	97929.55501	4.990913781	9.792955501	71.2982	2163.768092	4.32	2.495059289	0.10808209	0.856752399	11.92201823	0.172897367	42.3	1421.3	49.4	66	31.1
X117_5D	29.51602222	118.8284694	X117	X117_5	26	3537.62744	97929.55501	4.990913781	9.792955501	71.2982	2163.768092	4.14	1.955445545	0.084058732	0.901577594	15.79605978	0.202571994	42.8	1015.1	21.5	31.3	8.8
X14_1A	29.53077222	118.9240361	X14	X14_1	12	342.83101	4637.50881	3.666284748	0.463750881	121.1681	2105.772498	4.16	4.55	0.352108082	1.743483014	30.3521726	0.146135266	52.8	839.3	88.4	50	19.1
X14_1B	29.53072222	118.9241194	X14	X14_1	12	342.83101	4637.50881	3.666284748	0.463750881	121.1681	2105.772498	4.03	14.68253968	0.339681107	1.741554326	29.4748164	0.118284367	96.5	572.5	110.4	42.3	16.3
X14_1C	29.53080556	118.9241667	X14	X14_1	12	342.83101	4637.50881	3.666284748	0.463750881	121.1681	2105.772498	3.92	5.216535433	0.329607396	2.114447363	45.51639519	0.171455636	82.2	1117.6	112.7	41.6	23.2
X14_1D	29.53085556	118.9240778	X14	X14_1	12	342.83101	4637.50881	3.666284748	0.463750881	121.1681	2105.772498	4.05	3.292079208	0.349813604	0.452800512	21.75467359	0.150382168	56.8	550.7	24.3	22.8	9.2
X14_2A	29.53015278	118.9243278	X14	X14_2	12	342.83101	4637.50881	3.666284748	0.463750881	121.1681	2105.772498	4.28	4.017857143	0.335737148	1.501313398	28.00942007	0.129241497	69.4	1033.2	23.17577363	48.2	15.8
X14_2B	29.5301	118.9243694	X14	X14_2	12	342.83101	4637.50881	3.666284748	0.463750881	121.1681	2105.772498	4.38	2.7	0.272155	1.358958435	22.87513026	0.1638049	66.5	633.5	200.8	37.6	26.4
X14_2C	29.53013611	118.9244389	X14	X14_2	12	342.83101	4637.50881	3.666284748	0.463750881	121.1681	2105.772498	4.24	3.656126482	0.302173179	1.56170744	28.208968	0.122715063	60.1	595	189	50.1	23.7
X14_2D	29.53018889	118.9243583	X14	X14_2	12	342.83101	4637.50881	3.666284748	0.463750881	121.1681	2105.772498	4.23	3.125	0.282000228	1.560916022	26.51493946	0.097835788	64.4	756.2	116.6	30.1	16
X15_1A	29.53107778	118.9206806	X15	X15_1	14	352.96408	6181.00611	3.791059173	0.618100611	77.688	2320.771842	3.84	3.75	0.239128754	1.257463424	17.87728218	0.213472766	92.5	1148.3	69.4	37.9	15.6
X15_1B	29.5311	118.9207861	X15	X15_1	14	352.96408	6181.00611	3.791059173	0.618100611	77.688	2320.771842	3.81	3.087649402	0.209043744	1.151413864	16.066	0.177101201	95	882	31.2	23.2	8.9
X15_1C	29.53118611	118.9207556	X15	X15_1	14	352.96408	6181.00611	3.791059173	0.618100611	77.688	2320.771842	4.17	3.49702381	0.299968	1.457007118	19.79743436	0.208870968	70.8	1137.4	56.9	44	17.9
X15_1D	29.53116389	118.9206556	X15	X15_1	14	352.96408	6181.00611	3.791059173	0.618100611	77.688	2320.771842	4.06	4.175	0.328677202	1.228178485	15.79951281	0.176316963	73.4	609.4	49.7	29.5	11.8
X15_2A	29.53031389	118.92105	X15	X15_2	14	352.96408	6181.00611	3.791059173	0.618100611	77.688	2320.771842	4.41	2.411417323	0.351780242	1.149514429	14.64123758	0.113953309	39.7	712.4	128.3	46.6	28.5
X15_2B	29.53033611	118.92115	X15	X15_2	14	352.96408	6181.00611	3.791059173	0.618100611	77.688	2320.771842	4.23	2.47005988	0.375884108	0.958123007	16.03	0.163986552	50.6	783.6	73.8	39.6	17.6
X15_2C	29.53041944	118.921125	X15	X15_2	14	352.96408	6181.00611	3.791059173	0.618100611	77.688	2320.771842	4.14	3.018962076	0.311191081	1.707939783	29.82695216	0.113500272	78.4	723.7	67.5	33.5	21.4
X15_2D	29.53040278	118.9210222	X15	X15_2	14	352.96408	6181.00611	3.791059173	0.618100611	77.688	2320.771842	4.43	2.445652174	0.312551932	1.174349306	15.43422665	0.139067055	32.8	490.6	31.2	24.3	13.5
X31_1A	29.50798056	118.8230556	X31	X31_1	16	402.51907	7879.50918	3.896499166	0.787950918	14.535	3043.241249	4.12	3.224206349	0.206659129	1.073630311	15.54552293	0.156871838	54.7	1138.3	72.1	47.2	19
X31_1B	29.50789444	118.8230194	X31	X31_1	16	402.51907	7879.50918	3.896499166	0.787950918	14.535	3043.241249	4.39	3.493013972	0.205717622	1.109554261	16.07949173	0.142019184	42.3	931.3	57.1	53.8	24.8
X31_1C	29.50786667	118.8231167	X31	X31_1	16	402.51907	7879.50918	3.896499166	0.787950918	14.535	3043.241249	4.28	2.794411178	0.15140731	0.787897406	10.39932279	0.1762046	49.4	172.7	3.8	9.4	1.5
X31_1D	29.50795556	118.8231556	X31	X31_1	16	402.51907	7879.50918	3.896499166	0.787950918	14.535	3043.241249	4.14	2.919161677	0.169818834	1.187612175	19.272	0.174234681	59.6	551.7	21.4	18.4	9.3
X31_2A	29.50841111	118.8222611	X31	X31_2	16	402.51907	7879.50918	3.896499166	0.787950918	14.535	3043.241249	4.45	4.737103175	0.294512	1.612062178	26.99893843	0.083148148	49.6	841.8	93.4	66.2	36.8
X31_2B	29.50832778	118.822225	X31	X31_2	16	402.51907	7879.50918	3.896499166	0.787950918	14.535	3043.241249	4.31	4.96031746	0.281144076	1.688602298	22.11586299	0.133690329	84.1	1106.3	95.2	89	41.6
X31_2C	29.50829167	118.8223194	X31	X31_2	16	402.51907	7879.50918	3.896499166	0.787950918	14.535	3043.241249	4.44	2.514940239	0.20164299	1.3818541	19.14870492	0.132139483	36.8	857.6	58.1	42.9	26.6
X31_2D	29.50838333	118.8223583	X31	X31_2	16	402.51907	7879.50918	3.896499166	0.787950918	14.535	3043.241249	4.3	3.472222222	0.242015789	1.583740485	22.82849827	0.161582418	63	1042.1	96.5	57.2	28.9
X32_A	29.50805556	118.8214417	X32	X32_1	7	216.89688	2549.9681	3.406534747	0.25499681	14.535	3044.011819	4.27	2.920792079	0.222196315	1.314720326	22.6157187	0.141649249	74.5	1111.3	59.4	72.3	19.3
X32_B	29.50814444	118.8214194	X32	X32_1	7	216.89688	2549.9681	3.406534747	0.25499681	14.535	3044.011819	4.45	2.17	0.166015833	0.770726302	8.518920593	0.112262133	30.8	525.7	26.8	1.1	19.1
X32_C	29.50811944	118.8213194	X32	X32_1	7	216.89688	2549.9681	3.406534747	0.25499681	14.535	3044.011819	4.44	2.827380952	0.181012086	1.049962264	13.09522948	0.119040255	35.5	907.2	36	63.2	25.3
X32_D	29.50803333	118.8213417	X32	X32_1	7	216.89688	2549.9681	3.406534747	0.25499681	14.535	3044.011819	4.33	2.475247525	0.185028617	1.265342756	19.1264255	0.115128378	39.3	1191.9	50.8	88.4	33.4
X33_1A	29.51379167	118.821275	X33	X33_1	9	274.91171	3645.28302	3.561731253	0.364528302	15.2359	2615.060806	4.57	2.062624254	0.251684261	0.748101882	7.962901035	0.113989955	38.5	1061.2	88.8	61.2	28.9
X33_1B	29.51381944	118.8211778	X33	X33_1	9	274.91171	3645.28302	3.561731253	0.364528302	15.2359	2615.060806	4.44	2.286282306	0.304999073	1.134202194	12.185	0.116512677	34.3	1431.2	120.9	90	40.2
X33_1C	29.51385	118.8210778	X33	X33_1	9	274.91171	3645.28302	3.561731253	0.364528302	15.2359	2615.060806	4.38	3.237051793	0.354408952	1.045844388	13.79863734	0.070556085	29.3	490.1	33	58.3	14.3
X33_1D	29.51387778	118.8209806	X33	X33_1	9	274.91171	3645.28302	3.561731253	0.364528302	15.2359	2615.060806	4.16	3.243512974	0.282428591	1.153657102	14.36231712	0.084096692	41.2	1285.9	48.7	80.2	19.3
X33_2A	29.51362222	118.8206944	X33	X33_2	9	274.91171	3645.28302	3.561731253	0.364528302	15.2359	2615.060806	4.32	2.223320158	0.307158248	0.872116868	8.425801026	0.094128432	36.9	1332.8	63	106	20.7
X33_2B	29.51358611	118.8207889	X33	X33_2	9	274.91171	3645.28302	3.561731253	0.364528302	15.2359	2615.060806	4.26	3.415841584	0.240535209	0.998449633	13.42432731	0.090383708	34.5	490	29.8	45.4	10.2
X33_2C	29.51366944	118.8208306	X33	X33_2	9	274.91171	3645.28302	3.561731253	0.364528302	15.2359	2615.060806	4.35	3.00695825	0.278734189	1.154674023	17.69956032	0.10699808	31.5	694	54.8	46.2	17.7
X33_2D	29.51370833	118.8207306	X33	X33_2	9	274.91171	3645.28302	3.561731253	0.364528302	15.2359	2615.060806	4.33	2.638067061	0.236557615	0.872696738	9.187512814	0.095912751	30.7	849	38	54.1	12.4
X34_A	29.51426667	118.8206	X34	X34_1	2	146.65226	1196.54509	3.077929069	0.119654509	15.2359	2567.281704	4.26	1.892430279	0.164185697	0.729790682	11.81703447	0.076468388	40.5	1071.8	76.8	57.6	14.4
X34_B	29.51436667	118.8206361	X34	X34_1	2	146.65226	1196.54509	3.077929069	0.119654509	15.2359	2567.281704	4.06	2.2	0.181899862	0.876922454	14.11498319	0.110669343	36.7	1326	29.7	53	10.1
X34_C	29.51439722	118.8207028	X34	X34_1	2	146.65226	1196.54509	3.077929069	0.119654509	15.2359	2567.281704	4.04	1.984126984	0.182523855	0.950161642	14.54413712	0.06825565	56.3	1389.9	48.8	52.3	11.7
X34_D	29.51444722	118.8206556	X34	X34_1	2	146.65226	1196.54509	3.077929069	0.119654509	15.2359	2567.281704	4	1.19047619	0.127279613	0.964949934	15.055	0.118079527	56.4	2004.1	85.3	67.5	18.3
X35_1A	29.51558611	118.8223667	X35	X35_1	13	370.60075	5306.97377	3.724846941	0.530697377	28.2048	2362.96214	4.16	3.361553785	0.2813	0.962521278	13.42400887	0.102458454	44	753.7	59.8	59.9	13.6
X35_1B	29.51558611	118.8224694	X35	X35_1	13	370.60075	5306.97377	3.724846941	0.530697377	28.2048	2362.96214	4.25	3.018962076	0.169405315	1.134066738	16.31033794	0.09080331	42.8	859.6	48.4	54.7	13.2
X35_1C	29.51567778	118.8224694	X35	X35_1	13	370.60075	5306.97377	3.724846941	0.530697377	28.2048	2362.96214	4.18	3.28685259	0.217565984	1.443306461	25.3880749	0.093686698	49.1	871.5	46.3	54.7	14.6
X35_1D	29.51567778	118.8223611	X35	X35_1	13	370.60075	5306.97377	3.724846941	0.530697377	28.2048	2362.96214	4.23	3.503976143	0.249927179	1.378967148	19.34512282	0.096321556	43.8	913.8	43.8	69.8	17.4
X35_2A	29.51524722	118.8222028	X35	X35_2	13	370.60075	5306.97377	3.724846941	0.530697377	28.2048	2362.96214	4.15	3.04	0.175956879	1.400779033	29.76067862	0.095910816	43.7	1034.9	73.1	76.4	16.3
X35_2B	29.51524722	118.8223083	X35	X35_2	13	370.60075	5306.97377	3.724846941	0.530697377	28.2048	2362.96214	4.18	3.112648221	0.155384277	0.963804165	17.80419809	0.096603441	36.9	1256.5	71.8	71.6	16.8
X35_2C	29.51533889	118.8223056	X35	X35_2	13	370.60075	5306.97377	3.724846941	0.530697377	28.2048	2362.96214	4.26	3.199404762	0.160453368	0.824275476	11.65071123	0.078455144	29.1	1016.6	30.6	58.9	10.3
X35_2D	29.51533889	118.8221944	X35	X35_2	13	370.60075	5306.97377	3.724846941	0.530697377	28.2048	2362.96214	4.23	2.539840637	0.192282174	1.016647824	16.22619898	0.099708455	30.9	952.3	26.8	52.8	10
X36_A	29.51458056	118.8227056	X36	X36_1	4	170.834	1870.29006	3.271908966	0.187029006	10.8337	2510.99507	4.18	3.212151394	0.232261986	1.484243183	24.55165072	0.09644213	54.2	1388	78.1	99.9	28.4
X36_B	29.51460278	118.8228083	X36	X36_1	4	170.834	1870.29006	3.271908966	0.187029006	10.8337	2510.99507	4.22	2.470355731	0.175079852	1.182857197	17.416	0.150117999	46.4	1749.7	48.5	90.1	21
X36_C	29.51469167	118.8227833	X36	X36_1	4	170.834	1870.29006	3.271908966	0.187029006	10.8337	2510.99507	4.27	2.821782178	0.204120208	1.340112909	21.06385569	0.132011791	46.6	1178.7	55.3	78.7	19.2
X36_D	29.51467222	118.8226806	X36	X36_1	4	170.834	1870.29006	3.271908966	0.139606966	10.8337	2510.99507	4.28	3.280318091	0.24310873	1.462956973	25.80370735	0.067160233	42.3	1055.7	61.7	83.8	25.3
X37_1A	29.51456667	118.8238861	X37	X37_1	22	583.41335	13171.82164	4.119645841	1.317182164	10.8337	2494.135398	4.56	3.174603175	0.21034766	1.343745102	20.86759858	0.119795379	47	1140.2	47.1	81.6	81.3
X37_1B	29.51449167	118.8238278	X37	X37_1	22	583.41335	13171.82164	4.119645841	1.317182164	10.8337	2494.135398	4.72	2.840909091	0.261981528	1.771810497	23.54360581	0.113952106	62	1027.7	121.5	110.5	210.6
X37_1C	29.51444167	118.8239111	X37	X37_1	22	583.41335	13171.82164	4.119645841	1.317182164	10.8337	2494.135398	4.87	3.472222222	0.26893883	1.754621757	24.20433248	0.114138544	34.4	1102.9	136	111.5	203.5
X37_1D	29.51451667	118.8239722	X37	X37_1	22	583.41335	13171.82164	4.119645841	1.317182164	10.8337	2494.135398	4.65	3.617125984	0.258183764	1.895344652	39.02221303	0.09336911	42.2	1170.5	236.5	101.4	166.5
X37_2A	29.51489722	118.8232972	X37	X37_2	22	583.41335	13171.82164	4.119645841	1.317182164	10.8337	2494.135398	4.2	2.638067061	0.157899026	1.292339126	20.39555947	0.138346157	45.5	1176.8	38.5	79.5	17.4
X37_2B	29.51482222	118.8232389	X37	X37_2	22	583.41335	13171.82164	4.119645841	1.317182164	10.8337	2494.135398	4.21	2.268244576	0.142535448	0.876698437	9.001575708	0.10988625	32.6	904.6	25.1	54.2	10.4
X37_2C	29.51477222	118.8233222	X37	X37_2	22	583.41335	13171.82164	4.119645841	1.317182164	10.8337	2494.135398	4.51	2.915019763	0.188099822	1.192222222	13.71156353	0.108448791	31.5	750.1	47.7	67.3	17
X37_2D	29.51484722	118.8233833	X37	X37_2	22	583.41335	13171.82164	4.119645841	1.317182164	10.8337	2494.135398	4.47	2.925	0.250482667	1.191655639	17.518	0.104383097	37.8	553.9	47.5	43.7	16.8
X37_3A	29.51423611	118.824575	X37	X37_3	22	583.41335	13171.82164	4.119645841	1.317182164	10.8337	2494.135398	4.19	2.56916996	0.090818644	1.134105695	14.85753894	0.209439655	62.9	1824.2	68.7	59.6	42.4
X37_3B	29.51417778	118.8244972	X37	X37_3	22	583.41335	13171.82164	4.119645841	1.317182164	10.8337	2494.135398	4.2	2.619760479	0.134619831	1.122793077	18.72701363	0.14178565	57.9	1068.7	54.9	63.5	25.2
X37_3C	29.51411389	118.8245861	X37	X37_3	22	583.41335	13171.82164	4.119645841	1.317182164	10.8337	2494.135398	4.42	2.277227723	0.111279313	1.073311647	11.70177823	0.178120805	42.4	1198.2	87.3	81.4	41.8
X37_3D	29.51417222	118.8246472	X37	X37_3	22	583.41335	13171.82164	4.119645841	1.317182164	10.8337	2494.135398	4.13	2.46	0.086646593	1.06642614	14.16407341	0.186720534	77.2	1802.3	102.5	61.1	41.2
X37_4A	29.51451667	118.8242944	X37	X37_4	22	583.41335	13171.82164	4.119645841	1.317182164	10.8337	2494.135398	4.28	3.149801587	0.14755348	1.202700989	17.53174595	0.134815676	32.6	991.1	60.4	63.6	33.6
X37_4B	29.51445833	118.8242167	X37	X37_4	22	583.41335	13171.82164	4.119645841	1.317182164	10.8337	2494.135398	4.28	3.377712032	0.16837737	1.668187419	30.20783487	0.13428388	57.3	805.4	33.7	54.1	20.3
X37_4C	29.51438889	118.8242806	X37	X37_4	22	583.41335	13171.82164	4.119645841	1.317182164	10.8337	2494.135398	4.25	2.514940239	0.143058197	1.025130554	14.88607506	0.15567982	51.9	760.5	25.9	38.6	21.7
X37_4D	29.51445278	118.8243667	X37	X37_4	22	583.41335	13171.82164	4.119645841	1.317182164	10.8337	2494.135398	4.22	3.305168986	0.199137438	1.70523195	31.41904466	0.15040246	55.3	987.5	29	80.9	24.6
X43_1A	29.51266111	118.8266472	X43	X43_1	25	1363.99805	36958.40723	4.567713246	3.695840723	29.6475	2588.229411	4.27	2.292899408	0.179015051	0.940609161	12.73482287	0.149382716	40.2	447	8.7	31.4	7.8
X43_1B	29.51273333	118.8267111	X43	X43_1	25	1363.99805	36958.40723	4.567713246	3.695840723	29.6475	2588.229411	4.07	3.106361829	0.192453517	1.442485761	20.627	0.148294829	57.8	761.9	27	51	13.5
X43_1C	29.51278889	118.826625	X43	X43_1	25	1363.99805	36958.40723	4.567713246	3.695840723	29.6475	2588.229411	4.23	2.728174603	0.157684482	1.050881448	10.78900795	0.151912568	56.7	921.1	45.9	65.3	18.4
X43_1D	29.51271667	118.8265639	X43	X43_1	25	1363.99805	36958.40723	4.567713246	3.695840723	29.6475	2588.229411	4.34	3.137351779	0.160304	1.275783481	19.17668759	0.172555762	42	534.9	42.5	37.7	15.5
X43_2A	29.513	118.8235667	X43	X43_2	25	1363.99805	36958.40723	4.567713246	3.695840723	29.6475	2588.229411	4.26	2.777777778	0.16476016	1.150644817	16.91222156	0.12804878	57	1231	61.8	79	29.1
X43_2B	29.512925	118.8235056	X43	X43_2	25	1363.99805	36958.40723	4.567713246	3.695840723	29.6475	2588.229411	4.1	3.45	0.191827437	1.188621143	15.53684682	0.125128856	85.4	733.4	31.1	48.4	16
X43_2C	29.51287222	118.8235861	X43	X43_2	25	1363.99805	36958.40723	4.567713246	3.695840723	29.6475	2588.229411	4.27	3.255467197	0.129700634	0.844383572	10.10657782	0.146207633	54.3	1140.3	24.1	50.1	21.8
X43_2D	29.51294722	118.82365	X43	X43_2	25	1363.99805	36958.40723	4.567713246	3.695840723	29.6475	2588.229411	4.15	3.273809524	0.130757161	1.461941645	23.25831979	0.132244982	54.7	1004.7	27.4	40.3	20.7
X43_3A	29.51311667	118.8259361	X43	X43_3	25	1363.99805	36958.40723	4.567713246	3.695840723	29.6475	2588.229411	4.26	2.268244576	0.124545489	1.074022879	14.54825698	0.170968133	51.8	1437.4	77.4	74	30.1
X43_3B	29.51318611	118.8259972	X43	X43_3	25	1363.99805	36958.40723	4.567713246	3.695840723	29.6475	2588.229411	4.16	2.539840637	0.136203996	0.988055928	12.75977497	0.157410736	51.6	895.5	37.9	35.2	15.7
X43_3C	29.51324444	118.8259194	X43	X43_3	25	1363.99805	36958.40723	4.567713246	3.695840723	29.6475	2588.229411	4.15	2.44510978	0.142070258	1.389118838	23.19582962	0.172179753	57.7	1315	61.5	58	23.1
X43_3D	29.51316944	118.8258528	X43	X43_3	25	1363.99805	36958.40723	4.567713246	3.695840723	29.6475	2588.229411	4.48	3.43625498	0.138961244	0.898813693	9.014	0.147764799	58.2	817.7	62.4	47.7	21.8
X43_4A	29.51277778	118.8241028	X43	X43_4	25	1363.99805	36958.40723	4.567713246	3.695840723	29.6475	2588.229411	4.04	3.051181102	0.18062444	1.61973855	32.59169464	0.18389753	62.4	910.9	24.4	45	13.2
X43_4B	29.51270278	118.8240417	X43	X43_4	25	1363.99805	36958.40723	4.567713246	3.695840723	29.6475	2588.229411	4.16	2.819361277	0.16466566	1.491039525	25.36525333	0.158159623	44.6	896.3	48	49.1	16.7
X43_4C	29.51264722	118.824125	X43	X43_4	25	1363.99805	36958.40723	4.567713246	3.695840723	29.6475	2588.229411	4.13	3.03	0.117176064	1.116898188	17.85322425	0.180585516	47.3	1493.8	42.3	51.9	27.5
X43_4D	29.512725	118.8241861	X43	X43_4	25	1363.99805	36958.40723	4.567713246	3.695840723	29.6475	2588.229411	4.08	2.455357143	0.103537362	1.19418154	22.5567579	0.187577441	53.1	1627	36.3	52.6	17.5
X50_1A	29.51036111	118.8155861	X50	X50_1	8	203.60015	2878.04337	3.459097334	0.287804337	89.5415	3039.890206	3.94	3.168316832	0.151784382	1.649918867	36.67719378	0.093216262	52.1	781.2	36.6	35.6	10.2
X50_1B	29.51031111	118.8155	X50	X50_1	8	203.60015	2878.04337	3.459097334	0.287804337	89.5415	3039.890206	4.16	2.614541833	0.157454624	1.231974024	21.33887579	0.073628379	40.2	937.3	40.2	55.2	12.9
X50_1C	29.51023611	118.8155639	X50	X50_1	8	203.60015	2878.04337	3.459097334	0.287804337	89.5415	3039.890206	4.17	2.687376726	0.216664794	1.160896445	21.54999105	0.083433995	32.5	684.2	30.2	41.2	7.7
X50_1D	29.51028889	118.8156556	X50	X50_1	8	203.60015	2878.04337	3.459097334	0.287804337	89.5415	3039.890206	4.25	3.229783037	0.232044324	0.968194353	16.07953979	0.088656816	31.5	741.7	24.7	38.8	8.4
X50_2A	29.51063056	118.8154833	X50	X50_2	8	203.60015	2878.04337	3.459097334	0.287804337	89.5415	3039.890206	4.1	2.099802372	0.066697866	1.730828449	27.83023518	0.107163817	51.4	1267.7	81.7	53.8	14.2
X50_2B	29.51057778	118.8154	X50	X50_2	8	203.60015	2878.04337	3.459097334	0.287804337	89.5415	3039.890206	4.15	3.000992063	0.132634624	1.484772449	30.959	0.103965471	54.2	1400.3	87.7	69.3	20
X50_2C	29.51051111	118.8154667	X50	X50_2	8	203.60015	2878.04337	3.459097334	0.287804337	89.5415	3039.890206	4.08	2.49500998	0.148491965	1.602867925	29.72384318	0.132740623	57.7	1117.7	47.1	48.2	14.6
X50_2D	29.51056389	118.81555	X50	X50_2	8	203.60015	2878.04337	3.459097334	0.287804337	89.5415	3039.890206	4.09	1.884920635	0.103107421	1.701748646	27.96117116	0.153743092	59.9	1701.6	91.3	54.7	13.9
X58_1A	29.57926667	118.9129472	X58	X58_1	17	451.51457	8388.43074	3.923680723	0.838843074	62.1513	892.6953768	4.21	2.901785714	0.244603669	1.244342932	19.07181498	0.162864754	38.8	1075.9	31.7	51.7	16.9
X58_1B	29.57918889	118.9129	X58	X58_1	17	451.51457	8388.43074	3.923680723	0.838843074	62.1513	892.6953768	4.29	2.579365079	0.309324303	1.367337357	21.41804308	0.174516306	42.5	739.6	26.5	29.1	11.7
X58_1C	29.57915	118.9129861	X58	X58_1	17	451.51457	8388.43074	3.923680723	0.838843074	62.1513	892.6953768	4.31	2.614541833	0.267735762	1.602724222	25.4333766	0.14612015	45.8	1265.1	45.9	61.7	28.6
X58_1D	29.57922778	118.9130389	X58	X58_1	17	451.51457	8388.43074	3.923680723	0.838843074	62.1513	892.6953768	4.21	2.55	0.363934792	1.1411623	17.88142277	0.146146665	41.7	1333.9	56.2	61.5	20.6
X58_2A	29.57985556	118.9124806	X58	X58_2	17	451.51457	8388.43074	3.923680723	0.838843074	62.1513	892.6953768	3.97	2.370259481	0.147200378	1.245404255	21.37463417	0.185036203	49.6	1215.4	28.3	36.3	10.3
X58_2B	29.579775	118.9124333	X58	X58_2	17	451.51457	8388.43074	3.923680723	0.838843074	62.1513	892.6953768	4.16	2.678571429	0.201591916	1.346739427	16.68482229	0.1433555	82.6	1383.6	136.7	99.7	35.9
X58_2C	29.57973611	118.9125222	X58	X58_2	17	451.51457	8388.43074	3.923680723	0.838843074	62.1513	892.6953768	4.11	3.944773176	0.1788794	1.780426016	30.29246647	0.17535686	56.8	1720.9	64.6	71.3	25.1
X58_2D	29.57981944	118.9125778	X58	X58_2	17	451.51457	8388.43074	3.923680723	0.838843074	62.1513	892.6953768	4.09	2.644710579	0.182482029	1.452154014	22.808	0.161905243	53.3	1750.9	59.7	56.6	17.7
X59_A	29.58004444	118.9103444	X59	X59_1	5	221.61365	1890.02337	3.276467174	0.189002337	18.0562	693.5750198	4.32	5.193836978	0.288496489	1.989514322	28.68330573	0.169567627	88.4	1032.2	281.7	72.7	38.1
X59_B	29.58001944	118.9102778	X59	X59_1	5	221.61365	1890.02337	3.276467174	0.189002337	18.0562	693.5750198	4.18	4.05876494	0.335265	1.960264807	28.81707147	0.116994475	61.8	968.9	104.8	70.7	22.3
X59_C	29.57992778	118.9102944	X59	X59_1	5	221.61365	1890.02337	3.276467174	0.189002337	18.0562	693.5750198	3.97	5.1	0.261853309	1.622114369	23.02388001	0.140640701	106.4	1121.1	173.8	60.8	25.7
X59_D	29.57991944	118.9102	X59	X59_1	5	221.61365	1890.02337	3.276467174	0.189002337	18.0562	693.5750198	4.12	5.839960239	0.24869167	1.853972028	26.91745637	0.159227899	76.7	1676.9	334.3	104.8	41.6
X60_A	29.58058611	118.9105778	X60	X60_1	3	166.59148	1396.06966	3.144907089	0.139606966	18.0562	724.9450337	4.39	1.506916996	0.155424138	0.846467768	9.903445819	0.167391056	37.3	1387.5	181.5	66.7	28.5
X60_B	29.58058611	118.91065	X60	X60_1	3	166.59148	1396.06966	3.144907089	0.139606966	18.0562	724.9450337	4.32	3.817365269	0.284182658	1.148833635	14.39158302	0.127733928	89	1264	382.3	96.2	54.9
X60_C	29.58065833	118.9107194	X60	X60_1	3	166.59148	1396.06966	3.144907089	0.139606966	18.0562	724.9450337	4.17	4.475	0.392941417	1.817578221	22.32390023	0.144229996	71.9	1064.7	245.1	62.8	31.4
X60_D	29.58071667	118.9106389	X60	X60_1	3	166.59148	1396.06966	3.144907089	0.139606966	18.0562	724.9450337	4.31	2.952755906	0.377219746	1.319429085	16.68144723	0.120275029	58.2	1366.5	322.7	86.8	43.5
X63_1A	29.56829722	118.8937333	X63	X63_1	23	602.59538	13263.93322	4.122672327	1.326393322	53.295	1046.337527	4.5	2.827380952	0.246243549	1.215783926	19.04717688	0.130756507	39.2	961.3	81.9	56.3	30
X63_1B	29.56835	118.8938194	X63	X63_1	23	602.59538	13263.93322	4.122672327	1.326393322	53.295	1046.337527	4.23	2.878937008	0.255801009	1.230576227	19.692	0.134480561	45	1281.8	72.9	69	23.8
X63_1C	29.56841944	118.8937583	X63	X63_1	23	602.59538	13263.93322	4.122672327	1.326393322	53.295	1046.337527	4.28	3.411354582	0.288180997	1.93251922	36.47269925	0.17033218	46.4	1460.6	118.7	80.9	30.7
X63_1D	29.56836944	118.8936694	X63	X63_1	23	602.59538	13263.93322	4.122672327	1.326393322	53.295	1046.337527	4.32	3.273809524	0.272972855	1.694760332	26.38946292	0.137392174	53.5	952.3	54.9	44.2	26.5
X63_2A	29.56813333	118.8940361	X63	X63_2	23	602.59538	13263.93322	4.122672327	1.326393322	53.295	1046.337527	4.58	2.689243028	0.321101143	1.471888128	23.87186624	0.109236382	42.3	767.2	68	48.6	33.7
X63_2B	29.56818889	118.8941194	X63	X63_2	23	602.59538	13263.93322	4.122672327	1.326393322	53.295	1046.337527	4.72	2.687376726	0.256272513	1.449010356	23.01960958	0.1255934	43.6	1138.8	99.1	78.8	41.4
X63_2C	29.56826111	118.8940639	X63	X63_2	23	602.59538	13263.93322	4.122672327	1.326393322	53.295	1046.337527	4.32	2.664342629	0.263018396	1.317795182	22.97779146	0.138568129	43.9	1271.1	68.2	62.6	21.4
X63_2D	29.56820833	118.8939778	X63	X63_2	23	602.59538	13263.93322	4.122672327	1.326393322	53.295	1046.337527	4.57	2.903543307	0.28431234	1.400046308	22.22483306	0.122638607	47.3	623.8	23.7	39.1	15.4
X63_3A	29.56841667	118.8948139	X63	X63_3	23	602.59538	13263.93322	4.122672327	1.326393322	53.295	1046.337527	4.37	2.35	0.308238453	1.290659218	18.90655784	0.10034965	42	1067.9	36.6	48.2	14.3
X63_3B	29.56847222	118.8948972	X63	X63_3	23	602.59538	13263.93322	4.122672327	1.326393322	53.295	1046.337527	4.22	2.613412229	0.225668385	1.128844976	17.80124333	0.136371182	43.4	889.5	122.9	75.8	42.5
X63_3C	29.56854722	118.8948361	X63	X63_3	23	602.59538	13263.93322	4.122672327	1.326393322	53.295	1046.337527	4.12	3.043912176	0.237007526	1.526569084	27.71673605	0.151259077	49.9	938.9	26.8	35.9	10.4
X63_3D	29.56848889	118.89475	X63	X63_3	23	602.59538	13263.93322	4.122672327	1.326393322	53.295	1046.337527	4.47	2.252475248	0.272940148	1.712524626	26.161	0.134716848	42.7	987	85.2	63.8	30
X63_4A	29.56844444	118.8943167	X63	X63_4	23	602.59538	13263.93322	4.122672327	1.326393322	53.295	1046.337527	4.29	2.938247012	0.292240554	1.236976812	20.90158002	0.148073284	36.6	862.8	38	42.4	14.3
X63_4B	29.5685	118.8943972	X63	X63_4	23	602.59538	13263.93322	4.122672327	1.326393322	53.295	1046.337527	4.2	2.816205534	0.305267491	1.171826221	16.91872159	0.1348365	46.7	1171.4	57.6	62.1	19.4
X63_4C	29.56856667	118.8943333	X63	X63_4	23	602.59538	13263.93322	4.122672327	1.326393322	53.295	1046.337527	4.22	3.156063618	0.201345087	1.238815806	17.58242702	0.149616675	45.4	1028.6	38.4	55	17.2
X63_4D	29.56851111	118.8942472	X63	X63_4	23	602.59538	13263.93322	4.122672327	1.326393322	53.295	1046.337527	4.09	3.96039604	0.187025481	1.367888237	25.45104132	0.162853703	51	986.4	36.4	47.9	12.2
X64_1A	29.56823333	118.8986222	X64	X64_1	21	561.71096	13070.97385	4.116307946	1.307097385	14.8896	1098.858149	4.53	3.55	0.327068897	1.084148052	12.59457277	0.131649678	32.5	920.4	67.9	49.6	47.3
X64_1B	29.5683	118.8986917	X64	X64_1	21	561.71096	13070.97385	4.116307946	1.307097385	14.8896	1098.858149	4.28	3.000992063	0.257985037	1.257317178	21.09757173	0.136354562	46.6	1263.9	71	73.6	27.2
X64_1C	29.56835833	118.8986167	X64	X64_1	21	561.71096	13070.97385	4.116307946	1.307097385	14.8896	1098.858149	4.21	3.031809145	0.332790597	1.199774167	17.39788364	0.180819737	37.3	1059.7	57.1	48	20.4
X64_1D	29.56829167	118.8985444	X64	X64_1	21	561.71096	13070.97385	4.116307946	1.307097385	14.8896	1098.858149	4.34	3.279092702	0.35796	1.430666667	21.02565654	0.128236466	40.8	962.7	65.1	56.2	32.7
X64_2A	29.56802778	118.8982472	X64	X64_2	21	561.71096	13070.97385	4.116307946	1.307097385	14.8896	1098.858149	4.56	3.323412698	0.401579165	1.33477748	18.61022621	0.120272468	31.7	1000.5	78.2	66.9	63.3
X64_2B	29.56809444	118.8983167	X64	X64_2	21	561.71096	13070.97385	4.116307946	1.307097385	14.8896	1098.858149	4.35	3.656126482	0.418591473	1.46132981	20.305	0.123597373	46.1	945	59.2	58.1	41.4
X64_2C	29.56815833	118.8982556	X64	X64_2	21	561.71096	13070.97385	4.116307946	1.307097385	14.8896	1098.858149	4.41	4.718379447	0.388554135	1.431719595	20.36092796	0.131582274	47.8	1036.1	84	70.5	64.9
X64_2D	29.56808889	118.8981722	X64	X64_2	21	561.71096	13070.97385	4.116307946	1.307097385	14.8896	1098.858149	4.45	3.472222222	0.382086554	1.080428462	12.86817631	0.129590801	26.5	1237.8	155.8	71.7	85.4
X64_3A	29.56859444	118.8979083	X64	X64_3	21	561.71096	13070.97385	4.116307946	1.307097385	14.8896	1098.858149	4.22	4.241516966	0.247381786	1.181663303	19.51831552	0.118078643	44.5	1017.3	26.4	65	15.9
X64_3B	29.56866111	118.897975	X64	X64_3	21	561.71096	13070.97385	4.116307946	1.307097385	14.8896	1098.858149	4.3	3.3	0.274177415	1.377333463	19.10403524	0.120779163	37.5	785.9	49.2	45.3	16.9
X64_3C	29.56872222	118.8979056	X64	X64_3	21	561.71096	13070.97385	4.116307946	1.307097385	14.8896	1098.858149	4.09	3.794642857	0.345612923	1.434101806	23.91018699	0.102514755	46.2	1297	46.9	61.2	18.4
X64_3D	29.56865278	118.8978306	X64	X64_3	21	561.71096	13070.97385	4.116307946	1.307097385	14.8896	1098.858149	4.23	4.291417166	0.308364014	1.431755351	23.2080524	0.127180038	48.3	1004.3	32.5	54	18.4
X64_4A	29.56834167	118.8982361	X64	X64_4	21	561.71096	13070.97385	4.116307946	1.307097385	14.8896	1098.858149	4.37	4.767786561	0.533208301	1.671416058	21.49905436	0.128476106	50.1	970.6	91.7	69.3	28.9
X64_4B	29.56840833	118.8983056	X64	X64_4	21	561.71096	13070.97385	4.116307946	1.307097385	14.8896	1098.858149	4.2	4.32312253	0.435942886	1.186212554	11.8214116	0.100931549	41.4	1190.1	139.2	76.3	33.1
X64_4C	29.56846944	118.898225	X64	X64_4	21	561.71096	13070.97385	4.116307946	1.307097385	14.8896	1098.858149	4.16	4.733727811	0.235273068	1.064346774	11.48097052	0.136070733	40.4	961.6	46.5	68.4	16.2
X64_4D	29.5684	118.8981583	X64	X64_4	21	561.71096	13070.97385	4.116307946	1.307097385	14.8896	1098.858149	4.08	5.738522954	0.357102704	1.40693585	17.233	0.184673889	43.2	1614	67.6	105.2	25.3
X69_1A	29.56849444	118.9001583	X69	X69_1	11	245.27053	4160.45775	3.619141116	0.416045775	33.606	1227.881866	4.06	3.917165669	0.292734374	1.484281394	24.09395158	0.112827302	59.3	1261.6	75.8	81.7	25.7
X69_1B	29.56844444	118.9000722	X69	X69_1	11	245.27053	4160.45775	3.619141116	0.416045775	33.606	1227.881866	4.31	3.118811881	0.292121658	1.160131743	16.09395221	0.129502608	32.2	1178.8	74.6	63.9	33.4
X69_1C	29.56837222	118.9001389	X69	X69_1	11	245.27053	4160.45775	3.619141116	0.416045775	33.606	1227.881866	4.15	3.51	0.310654835	1.61973855	28.32877137	0.143604582	44.3	774.2	61.1	48.3	18.8
X69_1D	29.568425	118.900225	X69	X69_1	11	245.27053	4160.45775	3.619141116	0.416045775	33.606	1227.881866	4.47	2.717391304	0.276428365	1.232503974	17.66375287	0.124231111	33.7	960.1	130.3	61.4	37.2
X69_2A	29.56867778	118.8998389	X69	X69_2	11	245.27053	4160.45775	3.619141116	0.416045775	33.606	1227.881866	4	3.918650794	0.241333548	1.943614623	34.68515881	0.168332716	60.9	1295.6	72.5	58.8	24.4
X69_2B	29.56862778	118.8997528	X69	X69_2	11	245.27053	4160.45775	3.619141116	0.416045775	33.606	1227.881866	4.3	4.199801193	0.296009944	1.649035892	25.49278965	0.136439268	47	1096.6	98.4	81.4	47.8
X69_2C	29.56855833	118.8998222	X69	X69_2	11	245.27053	4160.45775	3.619141116	0.416045775	33.606	1227.881866	4.1	2.692687747	0.245538163	1.14027925	16.94962614	0.152106538	54.9	1011.6	43.8	43.5	18.1
X69_2D	29.56860833	118.8999056	X69	X69_2	11	245.27053	4160.45775	3.619141116	0.416045775	33.606	1227.881866	3.95	2.994011976	0.223299728	1.135439395	21.469	0.154859699	69.7	1452.2	81.5	56.3	18.9
X72_1A	29.529975	118.9224111	X72	X72_1	15	423.06708	6875.91563	3.837330539	0.687591563	65.5817	2127.505133	4.02	4.405940594	0.283511687	1.640959796	30.20128897	0.131060001	70.6	1087.7	123.6	36.8	17.7
X72_1B	29.53006389	118.9224361	X72	X72_1	15	423.06708	6875.91563	3.837330539	0.687591563	65.5817	2127.505133	3.96	4.025	0.29799	1.906693435	35.0245454	0.175624786	65.9	1468.8	106.4	61.9	21.4
X72_1C	29.5301	118.9223389	X72	X72_1	15	423.06708	6875.91563	3.837330539	0.687591563	65.5817	2127.505133	4.05	4.940711462	0.203595374	1.227089836	18.96803849	0.171593731	82.3	1349.3	173	61.6	23.2
X72_1D	29.52999722	118.9223083	X72	X72_1	15	423.06708	6875.91563	3.837330539	0.687591563	65.5817	2127.505133	4.18	3.05	0.264922279	1.242710262	18.77301513	0.123995295	50	1253.4	90.3	50	17.6
X72_2A	29.52946667	118.9228806	X72	X72_2	15	423.06708	6875.91563	3.837330539	0.687591563	65.5817	2127.505133	4.19	3.112549801	0.259016357	1.156700869	16.29881079	0.153816975	62.2	1069.6	81.2	38.4	15
X72_2B	29.52955556	118.9229056	X72	X72_2	15	423.06708	6875.91563	3.837330539	0.687591563	65.5817	2127.505133	4.17	3.745039683	0.24994492	0.972354264	13.25752485	0.189608562	63.9	1377.6	109	61.5	20.5
X72_2C	29.529575	118.9227944	X72	X72_2	15	423.06708	6875.91563	3.837330539	0.687591563	65.5817	2127.505133	4.03	2.619760479	0.210823031	1.52475727	24.75987591	0.185575982	63.4	1408.5	64.6	44.1	14.5
X72_2D	29.52948333	118.9227806	X72	X72_2	15	423.06708	6875.91563	3.837330539	0.687591563	65.5817	2127.505133	4.13	3.645833333	0.229610628	1.610629906	24.78420424	0.160216352	77.8	1444	199.5	63.2	26.3
X73_1A	29.54738333	118.9112306	X73	X73_1	6	207.12881	2538.00362	3.404492237	0.253800362	135.66	3725.021799	4.09	4.441117764	0.144259829	1.331832847	19.85747848	0.142803481	92.7	1166.2	126	57.4	26.6
X73_1B	29.54729722	118.9112167	X73	X73_1	6	207.12881	2538.00362	3.404492237	0.253800362	135.66	3725.021799	3.94	7.918326693	0.242177038	2.526213931	36.1	0.135164099	124.8	1027.1	313.1	69.3	37.6
X73_1C	29.54727222	118.9113306	X73	X73_1	6	207.12881	2538.00362	3.404492237	0.253800362	135.66	3725.021799	4.12	10.56163022	0.239651627	2.211446536	31.19866144	0.105124425	93.7	1199.2	446	87.5	61.1
X73_1D	29.54735833	118.9113417	X73	X73_1	6	207.12881	2538.00362	3.404492237	0.253800362	135.66	3725.021799	3.95	6.175889328	0.13983337	1.527897731	22.24997883	0.180488434	112.1	1433.7	260.8	84.2	37.8
X74_1A	29.55095833	118.9081167	X74	X74_1	10	348.01264	3949.1047	3.596498648	0.39491047	26.0411	3204.959701	4.15	7.057654076	0.161374237	1.857153746	29.94499379	0.184265868	128.1	840.6	612.8	82	75.5
X74_1B	29.55091389	118.908025	X74	X74_1	10	348.01264	3949.1047	3.596498648	0.39491047	26.0411	3204.959701	4.46	7.514880952	0.174984	1.795178788	23.25018122	0.199475675	99	937.4	1078.4	129.5	175.5
X74_1C	29.55084167	118.9080861	X74	X74_1	10	348.01264	3949.1047	3.596498648	0.39491047	26.0411	3204.959701	4.49	6.92	0.148843889	1.587529723	21.78532695	0.197132732	89.7	945.9	1248.5	157.4	203.3
X74_1D	29.55088611	118.908175	X74	X74_1	10	348.01264	3949.1047	3.596498648	0.39491047	26.0411	3204.959701	4.33	6.262376238	0.082745377	0.890106964	11.32872003	0.184901278	73.6	1466.4	969.5	129.5	156.9
X74_2A	29.55160833	118.9076333	X74	X74_2	10	348.01264	3949.1047	3.596498648	0.39491047	26.0411	3204.959701	4.17	5.129482072	0.120724549	1.461584807	22.29700825	0.155290225	91.7	1576.7	505.5	136	77.6
X74_2B	29.55156389	118.9075417	X74	X74_2	10	348.01264	3949.1047	3.596498648	0.39491047	26.0411	3204.959701	4.91	8.399209486	0.176318879	1.908119921	28.29836135	0.16717272	162.1	1108.2	2321.3	190.4	229.6
X74_2C	29.55149167	118.9075972	X74	X74_2	10	348.01264	3949.1047	3.596498648	0.39491047	26.0411	3204.959701	4.51	7.945544554	0.079423597	0.941950398	13.85093287	0.191901758	113.7	1092.5	1349.6	160.3	201.6
X74_2D	29.55153333	118.9076944	X74	X74_2	10	348.01264	3949.1047	3.596498648	0.39491047	26.0411	3204.959701	4.43	5.813373253	0.082883517	1.081993553	25.581	0.182412698	93.9	1045.4	1138.4	117.1	147.3
X75_1A	29.54965278	118.9110111	X75	X75_1	19	716.38627	8624.72568	3.935745291	0.862472568	22.9535	3359.056078	4.35	5.183531746	0.090894722	1.059022222	18.40911285	0.166364734	96.4	1196.9	729.3	102.1	77.4
X75_1B	29.549725	118.91095	X75	X75_1	19	716.38627	8624.72568	3.935745291	0.862472568	22.9535	3359.056078	4.58	4.6812749	0.088101503	1.071481461	16.55092548	0.17882772	74.9	765.7	711.7	84.5	62.1
X75_1C	29.549675	118.9108667	X75	X75_1	19	716.38627	8624.72568	3.935745291	0.862472568	22.9535	3359.056078	4.5	10.35502959	0.101193028	0.870640294	13.71510835	0.153118722	78.7	1105.9	1024	120.9	100
X75_1D	29.54959722	118.9109278	X75	X75_1	19	716.38627	8624.72568	3.935745291	0.862472568	22.9535	3359.056078	4.38	5.189620758	0.085357569	1.136396466	17.7893312	0.143604878	81.3	764.1	636.1	102.6	91.3
X75_2A	29.55058611	118.9110917	X75	X75_2	19	716.38627	8624.72568	3.935745291	0.862472568	22.9535	3359.056078	4.88	5.52	0.11430812	1.270813327	19.50149013	0.188454427	83.9	1528.1	1487.3	180.8	121.5
X75_2B	29.55066111	118.9110306	X75	X75_2	19	716.38627	8624.72568	3.935745291	0.862472568	22.9535	3359.056078	4.52	5.513972056	0.092861456	0.976726877	15.57468866	0.155495706	61.6	1385.5	988.6	107.9	80.9
X75_2C	29.55060833	118.9109417	X75	X75_2	19	716.38627	8624.72568	3.935745291	0.862472568	22.9535	3359.056078	4.36	3.7	0.086282427	0.966563003	16.35906943	0.160656496	82.3	1713.9	550.5	130.6	59.8
X75_2D	29.55053333	118.9110056	X75	X75_2	19	716.38627	8624.72568	3.935745291	0.862472568	22.9535	3359.056078	4.3	4.404527559	0.10712581	1.229542941	21.93751133	0.144167297	92.9	1045	524.5	98	70.1
X77_1A	29.50491667	118.8267556	X77	X77_1	24	1213.28861	25619.08691	4.408563647	2.561908691	16.15	2576.166637	4.32	2.56916996	0.217880393	1.619514667	24.96177927	0.16514531	45.8	1631	108.2	90.4	36.1
X77_1B	29.505	118.826825	X77	X77_1	24	1213.28861	25619.08691	4.408563647	2.561908691	16.15	2576.166637	4.3	2.574257426	0.185381034	1.26856753	19.68	0.178517964	45.2	1832.7	152.4	86.9	39.4
X77_1C	29.50507778	118.8267528	X77	X77_1	24	1213.28861	25619.08691	4.408563647	2.561908691	16.15	2576.166637	4.3	3.76984127	0.284373933	1.811768851	29.52726142	0.149057308	41.4	1100.4	124	1.1	6.4
X77_1D	29.50500278	118.8266917	X77	X77_1	24	1213.28861	25619.08691	4.408563647	2.561908691	16.15	2576.166637	4.19	4.397233202	0.266573892	1.81990504	29.60377422	0.127409291	40.7	1117.1	58	78.1	43.4
X77_2A	29.50702222	118.827525	X77	X77_2	24	1213.28861	25619.08691	4.408563647	2.561908691	16.15	2576.166637	4.36	3.628230616	0.393900903	1.695105847	21.83566845	0.135217548	34.9	927.7	43.3	67	26.9
X77_2B	29.50704444	118.827425	X77	X77_2	24	1213.28861	25619.08691	4.408563647	2.561908691	16.15	2576.166637	4.33	3.592519685	0.512317543	3.01576897	54.42495074	0.129000512	50.1	1535.8	39.6	94.9	24.6
X77_2C	29.50695556	118.8273972	X77	X77_2	24	1213.28861	25619.08691	4.408563647	2.561908691	16.15	2576.166637	4.38	4.133466135	0.431440898	2.41802214	35.77243666	0.109970739	53.5	886.1	67.6	68.3	32.9
X77_2D	29.50693333	118.8275	X77	X77_2	24	1213.28861	25619.08691	4.408563647	2.561908691	16.15	2576.166637	4.5	4.53187251	0.433825297	2.852708365	48.76436703	0.130422423	42.8	837.9	107.6	73.8	47.8
X77_3A	29.50536389	118.8263361	X77	X77_3	24	1213.28861	25619.08691	4.408563647	2.561908691	16.15	2576.166637	3.96	3.366336634	0.184835104	1.799979931	39.24507018	0.151530429	62.6	1102.2	34.5	64.7	17
X77_3B	29.50543333	118.8264	X77	X77_3	24	1213.28861	25619.08691	4.408563647	2.561908691	16.15	2576.166637	4.18	3.205765408	0.159665724	1.425374272	25.26671316	0.186714674	55	1396.5	71.5	77.9	23.4
X77_3C	29.50549444	118.8263167	X77	X77_3	24	1213.28861	25619.08691	4.408563647	2.561908691	16.15	2576.166637	4.05	2.884615385	0.185827209	1.525626121	28.57342336	0.153678236	49.8	1013.9	30.5	60.2	14.9
X77_3D	29.50541944	118.8262556	X77	X77_3	24	1213.28861	25619.08691	4.408563647	2.561908691	16.15	2576.166637	4.02	2.846534653	0.215609906	1.592598378	29.851	0.165137615	57.6	1205.3	50.6	79.4	23.2
X77_4A	29.50676667	118.8273528	X77	X77_4	24	1213.28861	25619.08691	4.408563647	2.561908691	16.15	2576.166637	4.3	2.376237624	0.24933087	2.0381117	34.16135743	0.129477503	43.5	792.9	52.1	63.3	41.1
X77_4B	29.50678889	118.82725	X77	X77_4	24	1213.28861	25619.08691	4.408563647	2.561908691	16.15	2576.166637	4.18	2.810650888	0.270233762	1.481206522	20.12941852	0.1442722	52.1	1079.8	62.1	61.3	42.5
X77_4C	29.50670278	118.827225	X77	X77_4	24	1213.28861	25619.08691	4.408563647	2.561908691	16.15	2576.166637	4.51	2.589641434	0.332738528	2.301277906	35.10353176	0.108681301	43.2	756.2	99.3	53.6	53
X77_4D	29.50668056	118.8273278	X77	X77_4	24	1213.28861	25619.08691	4.408563647	2.561908691	16.15	2576.166637	4.33	2.932405567	0.253175551	1.431344194	21.85645823	0.130776322	52.6	765.5	68.9	49.4	32
X78_1A	29.50430278	118.8280139	X78	X78_1	18	488.38992	8542.18763	3.931569107	0.854218763	16.15	2470.848161	4.04	3.65	0.311632124	1.918939355	30.45230363	0.152302782	55.2	867.5	46	51.1	18.4
X78_1B	29.504225	118.8279694	X78	X78_1	18	488.38992	8542.18763	3.931569107	0.854218763	16.15	2470.848161	4.22	4.133663366	0.32113479	1.974120835	48.33008972	0.171980749	69.9	1573.8	205.5	131.4	45.1
X78_1C	29.50418333	118.8280639	X78	X78_1	18	488.38992	8542.18763	3.931569107	0.854218763	16.15	2470.848161	4.2	3.081510934	0.328045056	1.918785983	32.91396356	0.158649997	50.6	659.9	95.8	44.6	17.5
X78_1D	29.50427222	118.8281139	X78	X78_1	18	488.38992	8542.18763	3.931569107	0.854218763	16.15	2470.848161	4.21	3.330019881	0.304492465	1.644567688	24.23227002	0.176870748	49.5	734	71.3	44.8	19.3
X78_2A	29.50462222	118.8279056	X78	X78_2	18	488.38992	8542.18763	3.931569107	0.854218763	16.15	2470.848161	4.02	3.323412698	0.187064921	1.67616568	32.05619159	0.188008727	58.3	1361.8	43.4	47.6	16.4
X78_2B	29.50454167	118.8278583	X78	X78_2	18	488.38992	8542.18763	3.931569107	0.854218763	16.15	2470.848161	4.15	3.112648221	0.237800317	2.154643875	39.09124962	0.203466583	74.3	1068.5	124.5	52.7	24.1
X78_2C	29.50451389	118.8279528	X78	X78_2	18	488.38992	8542.18763	3.931569107	0.854218763	16.15	2470.848161	4.11	2.504960317	0.229045195	1.544592344	23.44	0.214123564	57.6	1241.7	76.4	53.6	19.4
X78_2D	29.50459444	118.8280056	X78	X78_2	18	488.38992	8542.18763	3.931569107	0.854218763	16.15	2470.848161	4.06	2.66798419	0.14538559	1.776765847	29.64973401	0.238666667	60.4	1416.7	57.3	66.1	19.3
